{
  "accuracy": 0.8952,
  "macro_f1": 0.8842,
  "weighted_f1": 0.8972,
  "classification_report": {
    "AI Engineer": {
      "precision": 0.96,
      "recall": 0.75,
      "f1-score": 0.8421052631578947,
      "support": 32.0
    },
    "Data Analyst": {
      "precision": 1.0,
      "recall": 0.9130434782608695,
      "f1-score": 0.9545454545454546,
      "support": 23.0
    },
    "Data Engineer": {
      "precision": 0.7777777777777778,
      "recall": 1.0,
      "f1-score": 0.875,
      "support": 7.0
    },
    "Data Scientist": {
      "precision": 0.5555555555555556,
      "recall": 1.0,
      "f1-score": 0.7142857142857143,
      "support": 5.0
    },
    "ML Engineer": {
      "precision": 0.875,
      "recall": 1.0,
      "f1-score": 0.9333333333333333,
      "support": 7.0
    },
    "NLP Engineer": {
      "precision": 0.9473684210526315,
      "recall": 0.9473684210526315,
      "f1-score": 0.9473684210526315,
      "support": 19.0
    },
    "Research Analyst": {
      "precision": 0.8571428571428571,
      "recall": 1.0,
      "f1-score": 0.9230769230769231,
      "support": 12.0
    },
    "accuracy": 0.8952380952380953,
    "macro avg": {
      "precision": 0.8532635159326888,
      "recall": 0.9443445570447858,
      "f1-score": 0.8842450156359931,
      "support": 105.0
    },
    "weighted avg": {
      "precision": 0.9176470143613,
      "recall": 0.8952380952380953,
      "f1-score": 0.8972247510217435,
      "support": 105.0
    }
  }
}