{
  "accuracy": 0.7427,
  "macro_f1": 0.7275,
  "weighted_f1": 0.7551,
  "classification_report": {
    "AI Engineer": {
      "precision": 0.8,
      "recall": 0.6575342465753424,
      "f1-score": 0.7218045112781954,
      "support": 73.0
    },
    "Business Analyst": {
      "precision": 0.4262295081967213,
      "recall": 0.6666666666666666,
      "f1-score": 0.52,
      "support": 39.0
    },
    "Data Analyst": {
      "precision": 0.904,
      "recall": 0.7337662337662337,
      "f1-score": 0.8100358422939068,
      "support": 154.0
    },
    "Data Engineer": {
      "precision": 0.8529411764705882,
      "recall": 0.8787878787878788,
      "f1-score": 0.8656716417910447,
      "support": 66.0
    },
    "Data Scientist": {
      "precision": 0.8275862068965517,
      "recall": 0.7619047619047619,
      "f1-score": 0.7933884297520661,
      "support": 63.0
    },
    "ML Engineer": {
      "precision": 0.4492753623188406,
      "recall": 0.775,
      "f1-score": 0.5688073394495413,
      "support": 40.0
    },
    "NLP Engineer": {
      "precision": 0.9,
      "recall": 0.75,
      "f1-score": 0.8181818181818182,
      "support": 24.0
    },
    "Research Analyst": {
      "precision": 0.7647058823529411,
      "recall": 0.6842105263157895,
      "f1-score": 0.7222222222222222,
      "support": 19.0
    },
    "accuracy": 0.7426778242677824,
    "macro avg": {
      "precision": 0.7405922670294554,
      "recall": 0.7384837892520841,
      "f1-score": 0.7275139756210993,
      "support": 478.0
    },
    "weighted avg": {
      "precision": 0.7882247400809063,
      "recall": 0.7426778242677824,
      "f1-score": 0.7551170039868756,
      "support": 478.0
    }
  }
}